cd_org,lb_org,adresse,adresse_complement,lb_cmne,code_postal,lb_type_association
PDL0049000,HORS ASSOCIATION - BARRAGE,,,PONTS-DE-CE,49130,Club 
PDL0049001,CD 49 HORS ASSOCIATION,6 RUE PIERRE DE COUBERTIN,,PONTS-DE-CE,49130,Club 
PDL0049002,AUTHION ENTENTE BASKET,20 RUE ARMAND QUENARD,,ALLONNES,49650,Club 
PDL0049004,ANDARD BRAIN,MAIRIE D ANDARD,,ANDARD,49800,Club 
PDL0049005,ANGERS JND,7 RUE DE L'AUBRIERE,,ANGERS,49000,Club 
PDL0049006,ANGERS ALJF,AL JULES FERRY,2 RUE DES CAPUCINS,ANGERS,49100,Club 
PDL0049007,ANGERS ACBB BASKET,1 RUE DE LA LANDE,,ANGERS,49000,Club 
PDL0049008,ANGERS NDC,11 RUE MARCEL CERDAN,,ANGERS,49100,Club 
PDL0049009,ASSOCIATION VAL D'ERDRE AUXENCE BASKET,LE LOUROUX BECONNAIS,PLACE DE LA MAIRIE,VAL D'ERDRE-AUXENCE,49370,Club 
PDL0049010,OMBREE D'ANJOU BASKET,38 RUE MARECHAL J,,Ombrée d'Anjou,49420,Club 
PDL0049012,AVRILLE BASKET,STADE DELAUNE,,AVRILLE,49240,Club 
PDL0049014,BAUGE,BAUGE EN ANJOU,HOTEL DE VILLE,BAUGE,49150,Club 
PDL0049016,BEAUPREAU FIEF SAUVIN BASKET,26 Rue Notre Dame,,BEAUPREAU EN MAUGES,49600,Club 
PDL0049020,BOTZ LA CHAPELLE,BOTZ,1 RUE DU CHANOINE DEVEAUX,BOTZ-EN-MAUGES,49110,Club 
PDL0049023,BRIOLLAY,SECTION BASKET,MAIRIE,BRIOLLAY,49125,Club 
PDL0049024,BRISSAC AUBANCE BASKET,RUE DU MARIN,,BRISSAC LOIRE AUBANCE,49320,Club 
PDL0049026,CANTENAY EPINARD,MAIRIE,,CANTENAY-EPINARD,49460,Club 
PDL0049027,VAL HYROME BASKET,CHEMILLE-EN-ANJOU,RUE DU BEL ORMEAU,CHANZEAUX,49750,Club 
PDL0049028,ENVOL BASKET BECON ST CLEMENT,9 PLACE DE L'EGLISE,,SAINT-CLEMENT-DE-LA-PLACE,49370,Club 
PDL0049029,VERNANTES BASKET LOISIR,,MAIRIE DE VERNANTES,VERNANTES,49390,Club 
PDL0049031,CHALONNES SUR LOIRE BASKET,BASKET CHALONNAIS - SECRETARIAT,27 RUE DES MARAIS,CHALONNES-SUR-LOIRE,49290,Club 
PDL0049032,CHAMP SUR LAYON,MAIRIE CHAMP SUR LAYON,UNION SPORTIVE NOTRE DAME,CHAMP-SUR-LAYON,49380,Club 
PDL0049033,CHAMPIGNE,champigné,mairie,Hauts d'Anjou (Les),49330,Club 
PDL0049036,CHAPELLE ROUSSELIN,MAIRIE DE LA CHAPELLE,ROUSSELIN,CHEMILLE-EN-ANJOU,49120,Club 
PDL0049037,CHATEAUNEUF SUR SARTHE,MAIRIE CHATEAUNEUF,,CHATEAUNEUF-SUR-SARTHE,49330,Club 
PDL0049038,AUBRY CHAUDRON BASKET,MAIRIE CHAUDRON,,CHAUDRON-EN-MAUGES,49110,Club 
PDL0049040,CHAZE SUR ARGOS,place saint julien,,SEGRE-EN-ANJOU-BLEU,49500,Club 
PDL0049041,CHEMILLE,AVENUE D'ASPACH,,CHEMILLE-EN-ANJOU,49120,Club 
PDL0049043,CHOLET BASKET,"3 AV MARCEL PRAT BP 10,752",,CHOLET,49300,Association club professionnel
PDL0049045,CHOLET JF,47 RUE DARMAILLACQ,,CHOLET,49300,Club 
PDL0049048,CORNE BASKET,MAIRIE,rue Royale,CORNE,49630,Club 
PDL0049050,CORON/SALLE DE VIHIERS,CORON,,CORON,49690,Club 
PDL0049051,ESBB ECLAIR ST BARTHELEMY,4 ROUTE DE BEAUFORT,,SAINT-BARTHELEMY-D'ANJOU,49124,Club 
PDL0049053,DENEE MOZE,SALLE DES SPORTS,Chemin des Ganaudières ,MOZE-SUR-LOUET,49610,Club 
PDL0049054,DOUE LA FONTAINE,DOUE EN ANJOU,MAIRIE,Doué-en-Anjou,49700,Club 
PDL0049055,ETRICHE BASKET,ETRICHE,SALLE DES SPORTS,ETRICHE,49330,Club 
PDL0049056,FAVERAYE MACHELLES,FAVERAYE MACHELLES,ROUTE DE THOUARCE,FAVERAYE-MACHELLES,49380,Club 
PDL0049057,FAYE D'ANJOU,ROUTE DE THOUARCE,SALLE DE SPORTS DU LAYON,FAYE-D'ANJOU,49380,Club 
PDL0049061,GREZ NEUVILLE,MAIRIE DE GREZ NEUVILLE,,LION-D'ANGERS,49220,Club 
PDL0049063,JUB JALLAIS BASKET,1 BOULEVARD CATHELINEAU,,JALLAIS,49510,Club 
PDL0049066,JUMELLIERE,RUE DU CORNET,LA JUMELLIERE,CHEMILLE-EN-ANJOU,49120,Club 
PDL0049067,ELAN DES MAUGES,MAIRIE LANDEMONT,16 PLACE DE L'EGLISE,LANDEMONT,49270,Club 
PDL0049070,LONGUE ATHLETIC CLUB,MAIRIE longue jumelles,,LONGUE-JUMELLES,49160,Club 
PDL0049073,MARTIGNE BRIAND,RUE DU 8 MAI,MAIRIE MARTIGNE,MARTIGNE-BRIAND,49540,Club 
PDL0049074,MAULEVRIER,RUE DES PETITS PONTS,,MAULEVRIER,49360,Club 
PDL0049077,STADE OLYMPIQUE CANDE LOIRE BASKET,6 RUE DE LA LIBERATION,,LOIRE,49440,Club 
PDL0049078,BMB - BEGROLLES LE MAY BASKET,8 RUE DES SPORTS,COMPLEXE SPORTIF F. PLOTIN,BEGROLLES-EN-MAUGES,49122,Club 
PDL0049079,MONTREUIL BELLAY,rue de la mairie,,MONTREUIL-BELLAY,49260,Club 
PDL0049080,EVRE BASKET CLUB,13 RUE SAINT NICOLAS MONTREVAULT,,SAINT-PIERRE-MONTLIMART,49110,Club 
PDL0049081,Association loisirs et jeunesse de MORANNES,mairie,place du stade,Morannes sur Sarthe-Daumeray,49640,Club 
PDL0049082,MURS ERIGNE BASKET CLUB,5 CHEMIN DE BELLEVUE,,MURS-ERIGNE,49610,Club 
PDL0049083,NEUVY EN MAUGES,MAIRIE DE NEUVY EN MAUGES,,NEUVY-EN-MAUGES,49120,Club 
PDL0049084,POITEVINIERE LE PIN,RUE DE LA MAIRIE,,LE PIN-EN-MAUGES,49110,Club 
PDL0049085,PLESSIS GRAMMOIRE,MAIRIE DU PLESSIS,,PLESSIS-GRAMMOIRE,49124,Club 
PDL0049086,CTC LES MAUGES,,,CHOLET,49300,Coopération Territoriale Club 
PDL0049087,POMJEANNAIS BASKET CLUB,MAIRIE,56 RUE DE LA LOIRE,MAUGES SUR LOIRE,49620,Club 
PDL0049088,PONTS DE CE BASKET,RUE DE LA MAIRIE,COMPLEXE FRANCOIS BERNARD,PONTS-DE-CE,49130,Club 
PDL0049091,POUEZE,RUE DE LA MAIRIE,,POUEZE,49370,Club 
PDL0049093,PUY SAINT BONNET BASKET,PUY ST BONNET,11 SQUARE DE MARIGNY,LE PUY-SAINT-BONNET,49300,Club 
PDL0049095,ETOILE ANGERS BASKET,330 rue Saint Léonard,,ANGERS,49000,Club 
PDL0049096,ROUSSAY VILLEDIEU,15 RUE DE LA FONTAINE,MAIRIE ANNEXE,ROUSSAY,49450,Club 
PDL0049097,SAINT CHRISTOPHE DU BOIS,31 RUE MARECHAL LECLERC,,SAINT-CHRISTOPHE-DU-BOIS,49280,Club 
PDL0049100,SAINTE GEMMES D'ANDIGNE,SAINTE GEMMES D'ANDIGNE,SAINTE GEMMES D'ANDIGNE,SEGRE-EN-ANJOU-BLEU,49500,Club 
PDL0049104,VIHIERS BASKET,VIHIERS,,LYS-HAUT-LAYON,49310,Club 
PDL0049108,SAINT LAURENT DE LA PLAINE,CITE DE L'AVENEAU,,SAINT-LAURENT-DE-LA-PLAINE,49290,Club 
PDL0049109,LAYON BASKET CLUB,place de la mairie,MAIRIE DE THOUARCE,BELLEVIGNE EN LAYON,49380,Club 
PDL0049110,SAINT MARTIN DU BOIS USJA,MAIRIE DE ST MARTIN DU BOIS,,SAINT-MARTIN-DU-BOIS,49500,Club 
PDL0049111,SAINT MATHURIN SAINT REMY,MAIRIE DE ST MATHURIN SUR LOIRE,,BEAUFORT-EN-VALLEE,49250,Club 
PDL0049112,CERQUEUX SOMLOIRE ST PAUL LA PLAINE,MAIRIE,4 RUE DU VIEUX LOGIS,LES CERQUEUX,49360,Club 
PDL0049113,MOINE BASKET CLUB,rue DE LA MAIRIE,Mairie déléguée,SAINT-GERMAIN-SUR-MOINE,49230,Club 
PDL0049114,FUILETAIS REMYGEOIS BASKET,ST REMY EN MAUGES,CHEMIN DE ST JACQUES,SAINT-REMY-EN-MAUGES,49110,Club 
PDL0049115,ELAN LIGERIEN BASKET,31 Rue de la Mairie,,POSSONNIERE,49170,Club 
PDL0049116,SAUMUR LOIRE BASKET 49,GUY DOUSSARD- BAGNEUX,SALLE DES HAUTS SENTIERS,SAUMUR,49400,Club 
PDL0049117,VALLEE BASKET CLUB,27 rue des Seillandières,,BEAUFORT-EN-VALLEE,49250,Club 
PDL0049119,SEGRE,Route de Pouancé,Complexe sportif Bernard Madiot,SEGRE-EN-ANJOU-BLEU,49500,Club 
PDL0049120,SEGUINIERE (LA) ST LOUIS BASKET,15 AVENUE CHARLES DE GAULLE,,SEGUINIERE,49280,Club 
PDL0049121,SEICHES BASKET CLUB SBC,MAIRIE,,SEICHES-SUR-LE-LOIR,49140,Club 
PDL0049123,LOIR BASKET CLUB,COMPLEXE DES VIGNES D'OULES,,VILLEVEQUE,49140,Club 
PDL0049124,TESSOUALLE,LA TESSOUALLE,,TESSOUALLE,49280,Club 
PDL0049126,GARENNES LOIRE BASKET CLUB 49 - GLBC 49.,"15, Grand'Rue","Mairie, ",Garennes sur Loire (Les),49610,Club 
PDL0049127,SEVRE BASKET A.S.,ESPACE ST HUBERT,SALLE DES SPORTS,TORFOU,49660,Club 
PDL0049128,TOURMELAY BASKET,MELAY,,MELAY,49120,Club 
PDL0049130,TRELAZE BASKET,100 BD DE LA REPUBLIQUE ,COMPLEXE SPORTIF LA GODUCIERE,TRELAZE,49800,Club 
PDL0049131,AVENIR TREMENTINES BASKET,SALLE AUDIGANE,RUE DE LA QUINTAINE,TREMENTINES,49340,Club 
PDL0049133,CTC TERRE DE LAYON​,,,FAVERAYE-MACHELLES,49380,Coopération Territoriale Club 
PDL0049134,VERN D'ANJOU - B. CLUB VERNOIS,ALLEE DES SPORTS,VERN D'ANJOU,VERN-D'ANJOU,49220,Club 
PDL0049135,CTC ANDREA MACAIROIS BASKET​,,,SAINT-MACAIRE-EN-MAUGES,49450,Coopération Territoriale Club 
PDL0049136,VERNOIL,VERNOIL LE FOURRIER,,VERNOIL,49390,Club 
PDL0049138,YZERNAY,MAIRIE,GRANDE RUE,YZERNAY,49360,Club 
PDL0049139,CTC LOIRE ET PLAINE BASKET,,,MAUGES SUR LOIRE,49620,Coopération Territoriale Club 
PDL0049142,CTC DU JEU,15 rue de l'Avenir,,NEUVY-EN-MAUGES,49120,Coopération Territoriale Club 
PDL0049143,SAINTE GEMMES SUR LOIRE,RUE DES GRANDS JARDINS,,SAINTE-GEMMES-SUR-LOIRE,49130,Club 
PDL0049146,BASKET CLUB SAINT BARTHELEMY.,45 RUE DES HERAUDIERES ,,SAINT-BARTHELEMY-D'ANJOU,49124,Club 
PDL0049147,SAINT AUGUSTIN DES BOIS,mairie,MAIRIE ST AUGUSTIN DES BOIS,SAINT-GEORGES-SUR-LOIRE,49170,Club 
PDL0049149,ROSIERS,MAIRIE ROSIERS SUR LOIRE,,CHENEHUTTE-TREVES-CUNAULT,49350,Club 
PDL0049152,BEAUCOUZE,Avenue de la Grange aux Belles,,BEAUCOUZE,49070,Club 
PDL0049156,TIERCE,MAIRIE,,TIERCE,49125,Club 
PDL0049164,SAINT MACAIRE EN MAUGES,ST MACAIRE EN MAUGES,18 ALLEE DES ECUREUILS,SEVREMOINE,49450,Club 
PDL0049165,BOUCHEMAINE,25 RUE DU PETIT VIVIER,,BOUCHEMAINE,49080,Club 
PDL0049166,MONTREUIL JUIGNE,MAIRIE DE MONTREUIL,,MONTREUIL-JUIGNE,49460,Club 
PDL0049170,SAINT ANDRE DE LA MARCHE BASKET,PLACE DE L AIRE DU FOUR,,SAINT-ANDRE-DE-LA-MARCHE,49450,Club 
PDL0049174,LONGUENEE BASKET CLUB,MAIRIE LA MEIGNANNE,,MEIGNANNE,49770,Club 
PDL0049180,LAMBOISIERES-MARTIN BASKET,9 RUE DU LAVOIR,,SAINT-LEGER-DES-BOIS,49170,Club 
PDL0049183,SAINT SYLVAIN D'ANJOU BASKET,MAIRIE,,VERRIERES-EN-ANJOU,49480,Club 
PDL0049186,SAINT LEGER SOUS CHOLET,MAIRIE,RUE DES MAUGES,SAINT-LEGER-SOUS-CHOLET,49280,Club 
PDL0049194,MENITRE,LA MENITRE,MAIRIE,MENITRE,49250,Club 
PDL0049195,ECOUFLANT,MAIRIE,,ECOUFLANT,49000,Club 
PDL0049197,ANGERS - UNION FEMININE  BASKET 49,330 rue SAINT LEONARD,,ANGERS,49000,Club 
PDL0049198,FENEU - REBOND FANOUIN,Place de la Mairie,Mairie de Feneu,FENEU,49460,Club 
