Catégorie,Niveau,Poule,N° Équipe,N° Club,Numéro
senior,1,A,SAINT ANDRE DE LA MARCHE BASKET-1,PDL0049170,2
senior,1,A,GARENNES LOIRE BASKET CLUB 49-1,PDL0049126,1
senior,1,A,SPORTING CLUB BEAUCOUZE BASKET-1,PDL0049152,3
senior,1,A,POITEVINIERE LE PIN-1,PDL0049084,4
senior,1,A,ELAN LIGÉRIEN BASKET-1,PDL0049115,5
senior,1,A,CHALONNES SUR LOIRE BASKET-1,PDL0049031,6
senior,2,A,VALLEE BASKET CLUB-8,PDL0049117,2
senior,2,A,ANDARD BRAIN-2,PDL0049004,1
senior,2,A,SAINTE GEMMES SUR LOIRE-1,PDL0049143,3
senior,2,A,CHAMP SUR LAYON USND-1,PDL0049032,4
senior,2,A,ELAN LIGÉRIEN BASKET-2,PDL0049115,5
senior,2,A,ESSJ GREZ NEUVILLE-1,PDL0049061,6
senior,2,B,SAINT CHRISTOPHE DU BOIS - ESSOR CHRISTOPHORIEN BASKET-1,PDL0049097,3
senior,2,B,PUY SAINT BONNET BASKET-1,PDL0049093,4
senior,2,B,LA TESSOUALLE-1,PDL0049124,5
senior,2,B,MAULEVRIER-1,PDL0049074,2
senior,2,B,CHOLET BASKET-3,PDL0049043,6
senior,2,B,CHOLET JF-1,PDL0049045,1
senior,2,C,POITEVINIERE LE PIN-2,PDL0049084,5
senior,2,C,CORON/SALLE DE VIHIERS-1,PDL0049050,3
senior,2,C,JUB JALLAIS BASKET-1,PDL0049063,4
senior,2,C,VAL HYROME BASKET-1,PDL0049027,6
senior,2,C,BASKET LA GAULOISE LA CHAPELLE ROUSSELIN-1,PDL0049036,1
senior,2,C,CTC ANDREA MACAIROIS BASKET​-1,PDL0049170,2
senior,3,A,CTC LOIRE ET PLAINE BASKET​-1,PDL0049095,1
senior,3,A,MURS ERIGNE BASKET-1,PDL0049082,2
senior,3,A,AVRILLE BASKET-1,PDL0049012,3
senior,3,A,ANGERS ALJF-2,PDL0049006,4
senior,3,A,FENEU - REBOND FANOUIN-1,PDL0049198,5
senior,3,A,Exempt,-,6
senior,3,B,ROSIERS-1,PDL0049149,1
senior,3,B,DOUE LA FONTAINE-1,PDL0049054,2
senior,3,B,BRISSAC AUBANCE BASKET-1,PDL0049024,3
senior,3,B,ETOILE ANGERS BASKET-1,PDL0049095,4
senior,3,B,DENEE MOZE-1,PDL0049053,5
senior,3,B,Exempt,-,6
senior,3,C,SAINT MARTIN DU BOIS-1,PDL0049110,1
senior,3,C,ETRICHE BASKET-1,PDL0049055,2
senior,3,C,CHAMPIGNE-3,PDL0049033,3
senior,3,C,CTC LOIRE ET PLAINE BASKET​-2,PDL0049095,4
senior,3,C,CANDE LOIRE BASKET-1,PDL0049077,5
senior,3,C,ELAN DES MAUGES-2,PDL0049067,6
senior,3,D,YZERNAY-8,PDL0049138,1
senior,3,D,SAINT CHRISTOPHE DU BOIS - ESSOR CHRISTOPHORIEN BASKET-1,PDL0049097,3
senior,3,D,AVENIR TREMENTINES-2,PDL0049131,2
senior,3,D,TOURMELAY-1,PDL0049128,4
senior,3,D,ETOILE ANGERS BASKET-2,PDL0049095,5
senior,3,D,Exempt,-,6