Groupe Sportive, Souhait
PDL0049031,sans_preference
PDL0049115,sans_preference
PDL0049126,synchronise
PDL0049084,sans_preference
PDL0049170,synchronise
PDL0049152,synchronise
PDL0049004,synchronise
PDL0049036,synchronise
PDL0049032,sans_preference
PDL0049043,reparti
PDL0049045,synchronise
PDL0049050,synchronise
PDL0049061,sans_preference
PDL0049063,synchronise
PDL0049124,reparti
PDL0049074,synchronise
PDL0049093,sans_preference
PDL0049097,synchronise
PDL0049143,reparti
PDL0049027,sans_preference
PDL0049117,sans_preference
PDL0049002,sans_preference
PDL0049010,synchronise
PDL0049016,sans_preference
PDL0049029,sans_preference
PDL0049066,sans_preference
PDL0049079,synchronise
PDL0049091,sans_preference
PDL0049108,synchronise
PDL0049113,sans_preference
PDL0049116,sans_preference
PDL0049121,sans_preference
PDL0049130,reparti
PDL0049147,synchronise
PDL0049054,sans_preference
PDL0049095,sans_preference