cd_org,lb_org,adresse,adresse_complement,lb_cmne,code_postal,lb_type_association,longitude,latitude,result_score,result_score_next,result_label,result_type,result_id,result_housenumber,result_name,result_street,result_postcode,result_city,result_context,result_citycode,result_oldcitycode,result_oldcity,result_district,result_status
PDL0049000,HORS ASSOCIATION - BARRAGE,,,PONTS-DE-CE,49130,Club ,-0.521967,47.42928,0.76539,0.6081914685314684,Les Ponts-de-Cé,municipality,49246,,Les Ponts-de-Cé,,49130,Les Ponts-de-Cé,"49, Maine-et-Loire, Pays de la Loire",49246,,,,ok
PDL0049001,CD 49 HORS ASSOCIATION,6 RUE PIERRE DE COUBERTIN,,PONTS-DE-CE,49130,Club ,-0.525775,47.441592,0.8374549323017408,,6 Rue Pierre de Coubertin 49130 Les Ponts-de-Cé,housenumber,49246_0713_00006,6,6 Rue Pierre de Coubertin,Rue Pierre de Coubertin,49130,Les Ponts-de-Cé,"49, Maine-et-Loire, Pays de la Loire",49246,,,,ok
PDL0049002,AUTHION ENTENTE BASKET,20 RUE ARMAND QUENARD,,ALLONNES,49650,Club ,0.025081,47.294879,0.8784642857142856,,Rue Armand Quénard 49650 Allonnes,street,49002_0044,,Rue Armand Quénard,Rue Armand Quénard,49650,Allonnes,"49, Maine-et-Loire, Pays de la Loire",49002,,,,ok
PDL0049004,ANDARD BRAIN,MAIRIE D ANDARD,,ANDARD,49800,Club ,-0.396297,47.45405,0.5285898086124401,0.518470110864745,Rue du Stade (Andard) 49800 Loire-Authion,street,49307_0211,,Rue du Stade (Andard),Rue du Stade (Andard),49800,Loire-Authion,"49, Maine-et-Loire, Pays de la Loire",49307,49004,Andard,,ok
PDL0049005,ANGERS JND,7 RUE DE L'AUBRIERE,,ANGERS,49000,Club ,-0.547041,47.472451,0.8069549197860961,0.6226919191919191,7 Rue de l'Aubrière 49100 Angers,housenumber,49007_0400_00007,7,7 Rue de l'Aubrière,Rue de l'Aubrière,49100,Angers,"49, Maine-et-Loire, Pays de la Loire",49007,,,,ok
PDL0049006,ANGERS ALJF,AL JULES FERRY,2 RUE DES CAPUCINS,ANGERS,49100,Club ,-0.552165,47.490811,0.6391034387351779,0.5212945454545455,2 Rue des Capucins 49100 Angers,housenumber,49007_1370_00002,2,2 Rue des Capucins,Rue des Capucins,49100,Angers,"49, Maine-et-Loire, Pays de la Loire",49007,,,,ok
PDL0049007,ANGERS ACBB BASKET,1 RUE DE LA LANDE,,ANGERS,49000,Club ,-0.594311,47.475805,0.9092266666666666,0.6886568421052631,1 Rue de la Lande 49000 Angers,housenumber,49007_4630_00001,1,1 Rue de la Lande,Rue de la Lande,49000,Angers,"49, Maine-et-Loire, Pays de la Loire",49007,,,,ok
PDL0049008,ANGERS NDC,11 RUE MARCEL CERDAN,,ANGERS,49100,Club ,-0.571663,47.482616,0.9097417630853996,,11 Rue Marcel Cerdan 49100 Angers,housenumber,49007_5168_00011,11,11 Rue Marcel Cerdan,Rue Marcel Cerdan,49100,Angers,"49, Maine-et-Loire, Pays de la Loire",49007,,,,ok
PDL0049009,ASSOCIATION VAL D'ERDRE AUXENCE BASKET,LE LOUROUX BECONNAIS,PLACE DE LA MAIRIE,VAL D'ERDRE-AUXENCE,49370,Club ,-0.884363,47.521857,0.6315853146853146,,Place de la Mairie 49370 Val d'Erdre-Auxence,street,49183_0110,,Place de la Mairie,Place de la Mairie,49370,Val d'Erdre-Auxence,"49, Maine-et-Loire, Pays de la Loire",49183,49183,Le Louroux-Béconnais,,ok
PDL0049010,OMBREE D'ANJOU BASKET,38 RUE MARECHAL J,,Ombrée d'Anjou,49420,Club ,-1.172745,47.740298,0.7600216161616161,,38 Rue du maréchal foch 49420 Ombrée d'Anjou,housenumber,49248_0600_00038,38,38 Rue du maréchal foch,Rue du maréchal foch,49420,Ombrée d'Anjou,"49, Maine-et-Loire, Pays de la Loire",49248,49248,Pouancé,,ok
PDL0049012,AVRILLE BASKET,STADE DELAUNE,,AVRILLE,49240,Club ,-0.586615,47.502096,0.5461364935064934,0.5219324675324675,Rue de la Poste 49240 Avrillé,street,49015_1000,,Rue de la Poste,Rue de la Poste,49240,Avrillé,"49, Maine-et-Loire, Pays de la Loire",49015,,,,ok
PDL0049014,BAUGE,BAUGE EN ANJOU,HOTEL DE VILLE,BAUGE,49150,Club ,-0.061152,47.510283,0.47961329153605015,,Chemin de l'Hôtel Chaperon 49150 Baugé-en-Anjou,street,49018_9093,,Chemin de l'Hôtel Chaperon,Chemin de l'Hôtel Chaperon,49150,Baugé-en-Anjou,"49, Maine-et-Loire, Pays de la Loire",49018,49031,Bocé,,ok
PDL0049016,BEAUPREAU FIEF SAUVIN BASKET,26 Rue Notre Dame,,BEAUPREAU EN MAUGES,49600,Club ,-0.991729,47.201469,0.9229630655391119,,26 Rue Notre Dame 49600 Beaupréau-en-Mauges,housenumber,49023_1440_00026,26,26 Rue Notre Dame,Rue Notre Dame,49600,Beaupréau-en-Mauges,"49, Maine-et-Loire, Pays de la Loire",49023,49023,Beaupréau,,ok
PDL0049020,BOTZ LA CHAPELLE,BOTZ,1 RUE DU CHANOINE DEVEAUX,BOTZ-EN-MAUGES,49110,Club ,-1.001278,47.306177,0.7828266433566433,,1 Rue du Chanoine Deveau 49110 Mauges-sur-Loire,housenumber,49244_0413_00001,1,1 Rue du Chanoine Deveau,Rue du Chanoine Deveau,49110,Mauges-sur-Loire,"49, Maine-et-Loire, Pays de la Loire",49244,49034,Botz-en-Mauges,,ok
PDL0049023,BRIOLLAY,SECTION BASKET,MAIRIE,BRIOLLAY,49125,Club ,-0.506398,47.564493,0.45152585858585853,,Rue de la Mairie 49125 Briollay,street,49048_0047,,Rue de la Mairie,Rue de la Mairie,49125,Briollay,"49, Maine-et-Loire, Pays de la Loire",49048,,,,ok
PDL0049024,BRISSAC AUBANCE BASKET,RUE DU MARIN,,BRISSAC LOIRE AUBANCE,49320,Club ,-0.446001,47.353337,0.911790909090909,0.7575624505928854,Rue du Marin 49320 Brissac Loire Aubance,street,49050_0264,,Rue du Marin,Rue du Marin,49320,Brissac Loire Aubance,"49, Maine-et-Loire, Pays de la Loire",49050,49050,Brissac-Quincé,,ok
PDL0049026,CANTENAY EPINARD,MAIRIE,,CANTENAY-EPINARD,49460,Club ,-0.568656,47.53188,0.6322387139689578,,Place de la Mairie 49460 Cantenay-Épinard,street,49055_lfv28c,,Place de la Mairie,Place de la Mairie,49460,Cantenay-Épinard,"49, Maine-et-Loire, Pays de la Loire",49055,,,,ok
PDL0049027,VAL HYROME BASKET,CHEMILLE-EN-ANJOU,RUE DU BEL ORMEAU,CHANZEAUX,49750,Club ,-0.643113,47.26042,0.7496935294117646,,Rue du Bel Ormeau 49750 Chemillé-en-Anjou,street,49092_1825,,Rue du Bel Ormeau,Rue du Bel Ormeau,49750,Chemillé-en-Anjou,"49, Maine-et-Loire, Pays de la Loire",49092,49071,Chanzeaux,,ok
PDL0049028,ENVOL BASKET BECON ST CLEMENT,9 PLACE DE L'EGLISE,,SAINT-CLEMENT-DE-LA-PLACE,49370,Club ,-0.744974,47.52534,0.9178148306595365,0.6446518181818182,9 Place de l'Église 49370 Saint-Clément-de-la-Place,housenumber,49271_0050_00009,9,9 Place de l'Église,Place de l'Église,49370,Saint-Clément-de-la-Place,"49, Maine-et-Loire, Pays de la Loire",49271,,,,ok
PDL0049029,VERNANTES BASKET LOISIR,,MAIRIE DE VERNANTES,VERNANTES,49390,Club ,0.05321,47.393778,0.5129229752066115,,Place de la Mairie 49390 Vernantes,street,49368_0180,,Place de la Mairie,Place de la Mairie,49390,Vernantes,"49, Maine-et-Loire, Pays de la Loire",49368,,,,ok
PDL0049031,CHALONNES SUR LOIRE BASKET,BASKET CHALONNAIS - SECRETARIAT,27 RUE DES MARAIS,CHALONNES-SUR-LOIRE,49290,Club ,-0.761444,47.348874,0.5120442424242424,0.44278088607594934,27 Rue du Marais 49290 Chalonnes-sur-Loire,housenumber,49063_0800_00027,27,27 Rue du Marais,Rue du Marais,49290,Chalonnes-sur-Loire,"49, Maine-et-Loire, Pays de la Loire",49063,,,,ok
PDL0049032,CHAMP SUR LAYON,MAIRIE CHAMP SUR LAYON,UNION SPORTIVE NOTRE DAME,CHAMP-SUR-LAYON,49380,Club ,-0.448406,47.303265,0.3294755080213903,,Place de l’Union 49380 Terranjou,street,49086_0248,,Place de l’Union,Place de l’Union,49380,Terranjou,"49, Maine-et-Loire, Pays de la Loire",49086,49227,Notre-Dame-d'Allençon,,ok
PDL0049033,CHAMPIGNE,champigné,mairie,Hauts d'Anjou (Les),49330,Club ,-0.54453,47.653473,0.732959604743083,0.7230781818181818,"le Marais, Champigné 49330 Les Hauts-d'Anjou",street,49080_tycnau,,"le Marais, Champigné","le Marais, Champigné",49330,Les Hauts-d'Anjou,"49, Maine-et-Loire, Pays de la Loire",49080,49065,Champigné,,ok
PDL0049036,CHAPELLE ROUSSELIN,MAIRIE DE LA CHAPELLE,ROUSSELIN,CHEMILLE-EN-ANJOU,49120,Club ,-0.795822,47.212418,0.6333545861601085,,Place de la Mairie de la Chapelle 49120 Chemillé-en-Anjou,street,49092_dk504f,,Place de la Mairie de la Chapelle,Place de la Mairie de la Chapelle,49120,Chemillé-en-Anjou,"49, Maine-et-Loire, Pays de la Loire",49092,49074,La Chapelle-Rousselin,,ok
PDL0049037,CHATEAUNEUF SUR SARTHE,MAIRIE CHATEAUNEUF,,CHATEAUNEUF-SUR-SARTHE,49330,Club ,-0.499486,47.685368,0.5936633872976338,,"Allée Marie de Sully, Châteauneuf-sur-Sarthe 49330 Les Hauts-d'Anjou",street,49080_sni1lh,,"Allée Marie de Sully, Châteauneuf-sur-Sarthe","Allée Marie de Sully, Châteauneuf-sur-Sarthe",49330,Les Hauts-d'Anjou,"49, Maine-et-Loire, Pays de la Loire",49080,49080,Châteauneuf-sur-Sarthe,,ok
PDL0049038,AUBRY CHAUDRON BASKET,MAIRIE CHAUDRON,,CHAUDRON-EN-MAUGES,49110,Club ,-0.943346,47.278018,0.6565718577075098,0.6445729870129869,La Charonnerie 49110 Montrevault-sur-Èvre,street,49218_ycntec,,La Charonnerie,La Charonnerie,49110,Montrevault-sur-Èvre,"49, Maine-et-Loire, Pays de la Loire",49218,49083,Chaudron-en-Mauges,,ok
PDL0049040,CHAZE SUR ARGOS,place saint julien,,SEGRE-EN-ANJOU-BLEU,49500,Club ,-0.918148,47.756027,0.503382104607721,0.503058642266824,Saint Julien l'Ardent (L'Hôtellerie-de-Flée) 49500 Segré-en-Anjou Bleu,locality,49331_E640,,Saint Julien l'Ardent (L'Hôtellerie-de-Flée),,49500,Segré-en-Anjou Bleu,"49, Maine-et-Loire, Pays de la Loire",49331,49158,L'Hôtellerie-de-Flée,,ok
PDL0049041,CHEMILLE,AVENUE D'ASPACH,,CHEMILLE-EN-ANJOU,49120,Club ,-0.716728,47.213522,0.906077226107226,,Avenue d'Aspach 49120 Chemillé-en-Anjou,street,49092_0067,,Avenue d'Aspach,Avenue d'Aspach,49120,Chemillé-en-Anjou,"49, Maine-et-Loire, Pays de la Loire",49092,49092,Chemillé,,ok
PDL0049043,CHOLET BASKET,"3 AV MARCEL PRAT BP 10,752",,CHOLET,49300,Association club professionnel,-0.897845,47.055646,0.62271088794926,0.3339509090909091,3 Avenue Marcel Prat 49300 Cholet,housenumber,49099_2819_00003,3,3 Avenue Marcel Prat,Avenue Marcel Prat,49300,Cholet,"49, Maine-et-Loire, Pays de la Loire",49099,49099,Cholet,,ok
PDL0049045,CHOLET JF,47 RUE DARMAILLACQ,,CHOLET,49300,Club ,-0.874012,47.06463,0.7236363636363635,,47 Rue Alphonse Darmaillacq 49300 Cholet,housenumber,49099_0080_00047,47,47 Rue Alphonse Darmaillacq,Rue Alphonse Darmaillacq,49300,Cholet,"49, Maine-et-Loire, Pays de la Loire",49099,49099,Cholet,,ok
PDL0049048,CORNE BASKET,MAIRIE,rue Royale,CORNE,49630,Club ,-0.348433,47.471125,0.6883056112852665,,Rue Royale 49630 Loire-Authion,street,49307_0599,,Rue Royale,Rue Royale,49630,Loire-Authion,"49, Maine-et-Loire, Pays de la Loire",49307,49106,Corné,,ok
PDL0049050,CORON/SALLE DE VIHIERS,CORON,,CORON,49690,Club ,-0.645754,47.12414,0.59674,0.455454965034965,Coron,municipality,49109,,Coron,,49690,Coron,"49, Maine-et-Loire, Pays de la Loire",49109,,,,ok
PDL0049051,ESBB ECLAIR ST BARTHELEMY,4 ROUTE DE BEAUFORT,,SAINT-BARTHELEMY-D'ANJOU,49124,Club ,-0.495051,47.466857,0.929770909090909,,4 Route de Beaufort 49124 Saint-Barthélemy-d'Anjou,housenumber,49267_0080_00004,4,4 Route de Beaufort,Route de Beaufort,49124,Saint-Barthélemy-d'Anjou,"49, Maine-et-Loire, Pays de la Loire",49267,,,,ok
PDL0049053,DENEE MOZE,SALLE DES SPORTS,Chemin des Ganaudières ,MOZE-SUR-LOUET,49610,Club ,-0.555591,47.356566,0.6602966666666666,0.42419165535956577,Chemin des Ganaudières 49610 Mozé-sur-Louet,street,49222_0016,,Chemin des Ganaudières,Chemin des Ganaudières,49610,Mozé-sur-Louet,"49, Maine-et-Loire, Pays de la Loire",49222,,,,ok
PDL0049054,DOUE LA FONTAINE,DOUE EN ANJOU,MAIRIE,Doué-en-Anjou,49700,Club ,-0.209265,47.230255,0.5724400773694391,0.5699382517482516,Rue de la mairie 49700 Doué-en-Anjou,street,49125_1441,,Rue de la mairie,Rue de la mairie,49700,Doué-en-Anjou,"49, Maine-et-Loire, Pays de la Loire",49125,49198,Meigné,,ok
PDL0049055,ETRICHE BASKET,ETRICHE,SALLE DES SPORTS,ETRICHE,49330,Club ,-0.438559,47.68474,0.4545338900634249,0.44987158102766794,Allée du Port 49330 Étriché,street,49132_0140,,Allée du Port,Allée du Port,49330,Étriché,"49, Maine-et-Loire, Pays de la Loire",49132,,,,ok
PDL0049056,FAVERAYE MACHELLES,FAVERAYE MACHELLES,ROUTE DE THOUARCE,FAVERAYE-MACHELLES,49380,Club ,-0.494613,47.237632,0.5197363911845729,0.5010248251748252,Route de Martigné 49380 Bellevigne-en-Layon,street,49345_13n24d,,Route de Martigné,Route de Martigné,49380,Bellevigne-en-Layon,"49, Maine-et-Loire, Pays de la Loire",49345,49133,Faveraye-Mâchelles,,ok
PDL0049057,FAYE D'ANJOU,ROUTE DE THOUARCE,SALLE DE SPORTS DU LAYON,FAYE-D'ANJOU,49380,Club ,-0.507696,47.272343,0.5543364083457526,,Route de Faye d’Anjou 49380 Bellevigne-en-Layon,street,49345_0060,,Route de Faye d’Anjou,Route de Faye d’Anjou,49380,Bellevigne-en-Layon,"49, Maine-et-Loire, Pays de la Loire",49345,49345,Thouarcé,,ok
PDL0049061,GREZ NEUVILLE,MAIRIE DE GREZ NEUVILLE,,LION-D'ANGERS,49220,Club ,-0.710481,47.623161,0.7019936363636363,0.6697914100185528,Route de Grez-Neuville 49220 Le Lion-d'Angers,street,49176_0521,,Route de Grez-Neuville,Route de Grez-Neuville,49220,Le Lion-d'Angers,"49, Maine-et-Loire, Pays de la Loire",49176,49176,Le Lion-d'Angers,,ok
PDL0049063,JUB JALLAIS BASKET,1 BOULEVARD CATHELINEAU,,JALLAIS,49510,Club ,-0.867241,47.197903,0.9152463144963144,,1 Boulevard Cathelineau 49510 Beaupréau-en-Mauges,housenumber,49023_3176_00001,1,1 Boulevard Cathelineau,Boulevard Cathelineau,49510,Beaupréau-en-Mauges,"49, Maine-et-Loire, Pays de la Loire",49023,49162,Jallais,,ok
PDL0049066,JUMELLIERE,RUE DU CORNET,LA JUMELLIERE,CHEMILLE-EN-ANJOU,49120,Club ,-0.730574,47.282228,0.6796477361853832,,Rue du Cornet 49120 Chemillé-en-Anjou,street,49092_1987,,Rue du Cornet,Rue du Cornet,49120,Chemillé-en-Anjou,"49, Maine-et-Loire, Pays de la Loire",49092,49169,La Jumellière,,ok
PDL0049067,ELAN DES MAUGES,MAIRIE LANDEMONT,16 PLACE DE L'EGLISE,LANDEMONT,49270,Club ,-1.242918,47.265106,0.7568390051457976,0.5577614141414141,Place de l'Église (Landemont) 49270 Orée d'Anjou,street,49126_0302,,Place de l'Église (Landemont),Place de l'Église (Landemont),49270,Orée d'Anjou,"49, Maine-et-Loire, Pays de la Loire",49126,49172,Landemont,,ok
PDL0049070,LONGUE ATHLETIC CLUB,MAIRIE longue jumelles,,LONGUE-JUMELLES,49160,Club ,-0.116002,47.391108,0.7078801782531194,0.5505773981191222,Route de Jumelles (Longué) 49160 Longué-Jumelles,street,49180_etd645,,Route de Jumelles (Longué),Route de Jumelles (Longué),49160,Longué-Jumelles,"49, Maine-et-Loire, Pays de la Loire",49180,49180,Longué,,ok
PDL0049073,MARTIGNE BRIAND,RUE DU 8 MAI,MAIRIE MARTIGNE,MARTIGNE-BRIAND,49540,Club ,-0.428151,47.234025,0.6279963636363636,,Rue du 8 Mai 49540 Terranjou,street,49086_nyx5xl,,Rue du 8 Mai,Rue du 8 Mai,49540,Terranjou,"49, Maine-et-Loire, Pays de la Loire",49086,49191,Martigné-Briand,,ok
PDL0049074,MAULEVRIER,RUE DES PETITS PONTS,,MAULEVRIER,49360,Club ,-0.747454,47.009222,0.8997517690417689,0.735632600422833,Rue des petits ponts 49360 Maulévrier,street,49192_0660,,Rue des petits ponts,Rue des petits ponts,49360,Maulévrier,"49, Maine-et-Loire, Pays de la Loire",49192,,,,ok
PDL0049077,STADE OLYMPIQUE CANDE LOIRE BASKET,6 RUE DE LA LIBERATION,,LOIRE,49440,Club ,-0.979913,47.614599,0.897164973262032,,6 Rue de la libération 49440 Loiré,housenumber,49178_0047_00006,6,6 Rue de la libération,Rue de la libération,49440,Loiré,"49, Maine-et-Loire, Pays de la Loire",49178,,,,ok
PDL0049078,BMB - BEGROLLES LE MAY BASKET,8 RUE DES SPORTS,COMPLEXE SPORTIF F. PLOTIN,BEGROLLES-EN-MAUGES,49122,Club ,-0.942851,47.139591,0.5804584491978609,0.349472966507177,8 Rue des Sports 49122 Bégrolles-en-Mauges,housenumber,49027_0200_00008,8,8 Rue des Sports,Rue des Sports,49122,Bégrolles-en-Mauges,"49, Maine-et-Loire, Pays de la Loire",49027,,,,ok
PDL0049079,MONTREUIL BELLAY,rue de la mairie,,MONTREUIL-BELLAY,49260,Club ,-0.15665,47.131579,0.9080208624708623,0.7755204439746299,Rue de la Mairie 49260 Montreuil-Bellay,street,49215_1133,,Rue de la Mairie,Rue de la Mairie,49260,Montreuil-Bellay,"49, Maine-et-Loire, Pays de la Loire",49215,,,,ok
PDL0049080,EVRE BASKET CLUB,13 RUE SAINT NICOLAS MONTREVAULT,,SAINT-PIERRE-MONTLIMART,49110,Club ,-1.03139,47.274525,0.5712329405162738,0.5632930303030304,13 Rue des Glycines (St Pierre-Montlimart) 49110 Montrevault-sur-Èvre,housenumber,49218_0641_00013,13,13 Rue des Glycines (St Pierre-Montlimart),Rue des Glycines (St Pierre-Montlimart),49110,Montrevault-sur-Èvre,"49, Maine-et-Loire, Pays de la Loire",49218,49313,St Pierre-Montlimart,,ok
PDL0049081,Association loisirs et jeunesse de MORANNES,mairie,place du stade,Morannes sur Sarthe-Daumeray,49640,Club ,-0.36489,47.700787,0.621199668109668,0.6105090909090909,Rue de la Prée 49640 Morannes sur Sarthe-Daumeray,street,49220_0558,,Rue de la Prée,Rue de la Prée,49640,Morannes sur Sarthe-Daumeray,"49, Maine-et-Loire, Pays de la Loire",49220,49119,Daumeray,,ok
PDL0049082,MURS ERIGNE BASKET CLUB,5 CHEMIN DE BELLEVUE,,MURS-ERIGNE,49610,Club ,-0.537631,47.398966,0.9109040191387558,0.5866063636363636,5 Chemin de Bellevue 49610 Mûrs-Erigné,housenumber,49223_0022_00005,5,5 Chemin de Bellevue,Chemin de Bellevue,49610,Mûrs-Erigné,"49, Maine-et-Loire, Pays de la Loire",49223,,,,ok
PDL0049083,NEUVY EN MAUGES,MAIRIE DE NEUVY EN MAUGES,,NEUVY-EN-MAUGES,49120,Club ,-0.802504,47.262693,0.6127950085763292,0.6036989610389609,La Saulaie de Neuvy 49120 Chemillé-en-Anjou,street,49092_vhn4xh,,La Saulaie de Neuvy,La Saulaie de Neuvy,49120,Chemillé-en-Anjou,"49, Maine-et-Loire, Pays de la Loire",49092,49225,Neuvy-en-Mauges,,ok
PDL0049084,POITEVINIERE LE PIN,RUE DE LA MAIRIE,,LE PIN-EN-MAUGES,49110,Club ,-0.899377,47.254762,0.7627779051383399,0.7533157024793388,Rue de la Marchaiserie 49110 Beaupréau-en-Mauges,street,49023_3334,,Rue de la Marchaiserie,Rue de la Marchaiserie,49110,Beaupréau-en-Mauges,"49, Maine-et-Loire, Pays de la Loire",49023,49239,Le Pin-en-Mauges,,ok
PDL0049085,PLESSIS GRAMMOIRE,MAIRIE DU PLESSIS,,PLESSIS-GRAMMOIRE,49124,Club ,-0.429935,47.499266,0.5998619429590016,0.5166661171032357,Rue de la Mairie 49124 Le Plessis-Grammoire,street,49241_0065,,Rue de la Mairie,Rue de la Mairie,49124,Le Plessis-Grammoire,"49, Maine-et-Loire, Pays de la Loire",49241,,,,ok
PDL0049086,CTC LES MAUGES,,,CHOLET,49300,Coopération Territoriale Club ,-0.875399,47.036408,0.9536618181818182,0.5216745454545454,Cholet,municipality,49099,,Cholet,,49300,Cholet,"49, Maine-et-Loire, Pays de la Loire",49099,,,,ok
PDL0049087,POMJEANNAIS BASKET CLUB,MAIRIE,56 RUE DE LA LOIRE,MAUGES SUR LOIRE,49620,Club ,-0.859704,47.361693,0.6649560606060605,0.6121661983471074,56 Rue de la Loire (La Pommeraye) 49620 Mauges-sur-Loire,housenumber,49244_0240_00056,56,56 Rue de la Loire (La Pommeraye),Rue de la Loire (La Pommeraye),49620,Mauges-sur-Loire,"49, Maine-et-Loire, Pays de la Loire",49244,49244,La Pommeraye,,ok
PDL0049088,PONTS DE CE BASKET,RUE DE LA MAIRIE,COMPLEXE FRANCOIS BERNARD,PONTS-DE-CE,49130,Club ,,,,,,,,,,,,,,,,,,not-found
PDL0049091,POUEZE,RUE DE LA MAIRIE,,POUEZE,49370,Club ,-0.882382,47.522851,0.7315536363636364,0.6031882352941176,Rue de la Pouêze 49370 Val d'Erdre-Auxence,street,49183_0141,,Rue de la Pouêze,Rue de la Pouêze,49370,Val d'Erdre-Auxence,"49, Maine-et-Loire, Pays de la Loire",49183,49183,Le Louroux-Béconnais,,ok
PDL0049093,PUY SAINT BONNET BASKET,PUY ST BONNET,11 SQUARE DE MARIGNY,LE PUY-SAINT-BONNET,49300,Club ,-0.900016,46.994584,0.5957266325224071,,11 Sq a de Bernard de Marigny 49300 Cholet,housenumber,49099_a9tsb4_00011,11,11 Sq a de Bernard de Marigny,Sq a de Bernard de Marigny,49300,Cholet,"49, Maine-et-Loire, Pays de la Loire",49099,79224,Le Puy-Saint-Bonnet,,ok
PDL0049095,ETOILE ANGERS BASKET,330 rue Saint Léonard,,ANGERS,49000,Club ,-0.522952,47.459721,0.9297604278074866,,330 Rue Saint-Léonard 49000 Angers,housenumber,49007_7270_00330,330,330 Rue Saint-Léonard,Rue Saint-Léonard,49000,Angers,"49, Maine-et-Loire, Pays de la Loire",49007,,,,ok
PDL0049096,ROUSSAY VILLEDIEU,15 RUE DE LA FONTAINE,MAIRIE ANNEXE,ROUSSAY,49450,Club ,-1.065455,47.091927,0.6989575757575758,0.5854418181818181,15 Rue de la Fontaine (Roussay) 49450 Sèvremoine,housenumber,49301_1708_00015,15,15 Rue de la Fontaine (Roussay),Rue de la Fontaine (Roussay),49450,Sèvremoine,"49, Maine-et-Loire, Pays de la Loire",49301,49263,Roussay,,ok
PDL0049097,SAINT CHRISTOPHE DU BOIS,31 RUE MARECHAL LECLERC,,SAINT-CHRISTOPHE-DU-BOIS,49280,Club ,-0.947473,47.026391,0.8780779106858053,,31 Rue du Maréchal Leclerc 49280 Saint-Christophe-du-Bois,housenumber,49269_0060_00031,31,31 Rue du Maréchal Leclerc,Rue du Maréchal Leclerc,49280,Saint-Christophe-du-Bois,"49, Maine-et-Loire, Pays de la Loire",49269,,,,ok
PDL0049100,SAINTE GEMMES D'ANDIGNE,SAINTE GEMMES D'ANDIGNE,SAINTE GEMMES D'ANDIGNE,SEGRE-EN-ANJOU-BLEU,49500,Club ,-0.887406,47.671703,0.7069456643356642,0.6967119955654101,La Bleurie (Sainte-Gemmes-d'Andigné) 49500 Segré-en-Anjou Bleu,locality,49331_s1kxbb,,La Bleurie (Sainte-Gemmes-d'Andigné),,49500,Segré-en-Anjou Bleu,"49, Maine-et-Loire, Pays de la Loire",49331,49277,Sainte-Gemmes-d'Andigné,,ok
PDL0049104,VIHIERS BASKET,VIHIERS,,LYS-HAUT-LAYON,49310,Club ,-0.534645,47.146308,0.5408645887445888,0.5365355844155844,Rue David d’Angers 49310 Lys-Haut-Layon,street,49373_0600,,Rue David d’Angers,Rue David d’Angers,49310,Lys-Haut-Layon,"49, Maine-et-Loire, Pays de la Loire",49373,49373,Vihiers,,ok
PDL0049108,SAINT LAURENT DE LA PLAINE,CITE DE L'AVENEAU,,SAINT-LAURENT-DE-LA-PLAINE,49290,Club ,-0.806641,47.317179,0.8349291800356505,,Cité de l'Aveneau 49290 Mauges-sur-Loire,street,49244_A119,,Cité de l'Aveneau,Cité de l'Aveneau,49290,Mauges-sur-Loire,"49, Maine-et-Loire, Pays de la Loire",49244,49295,St Laurent-de-la-Plaine,,ok
PDL0049109,LAYON BASKET CLUB,place de la mairie,MAIRIE DE THOUARCE,BELLEVIGNE EN LAYON,49380,Club ,-0.50313,47.267025,0.6486969696969697,,Place de la Mairie 49380 Bellevigne-en-Layon,street,49345_0120,,Place de la Mairie,Place de la Mairie,49380,Bellevigne-en-Layon,"49, Maine-et-Loire, Pays de la Loire",49345,49345,Thouarcé,,ok
PDL0049110,SAINT MARTIN DU BOIS USJA,MAIRIE DE ST MARTIN DU BOIS,,SAINT-MARTIN-DU-BOIS,49500,Club ,-0.883807,47.67552,0.30993244019138755,0.30086298368298364,Rue de la Mairie 49500 Segré-en-Anjou Bleu,street,49331_1785,,Rue de la Mairie,Rue de la Mairie,49500,Segré-en-Anjou Bleu,"49, Maine-et-Loire, Pays de la Loire",49331,49277,Sainte-Gemmes-d'Andigné,,ok
PDL0049111,SAINT MATHURIN SAINT REMY,MAIRIE DE ST MATHURIN SUR LOIRE,,BEAUFORT-EN-VALLEE,49250,Club ,-0.318769,47.41363,0.5671604812834224,0.5264653846153845,Rue du Port La Vallée 49250 Loire-Authion,street,49307_0101,,Rue du Port La Vallée,Rue du Port La Vallée,49250,Loire-Authion,"49, Maine-et-Loire, Pays de la Loire",49307,49307,Saint-Mathurin-sur-Loire,,ok
PDL0049112,CERQUEUX SOMLOIRE ST PAUL LA PLAINE,MAIRIE,4 RUE DU VIEUX LOGIS,LES CERQUEUX,49360,Club ,-0.642878,46.999405,0.7621452964426877,0.4932939071566731,4 Rue du Vieux Logis 49360 Les Cerqueux,housenumber,49058_0284_00004,4,4 Rue du Vieux Logis,Rue du Vieux Logis,49360,Les Cerqueux,"49, Maine-et-Loire, Pays de la Loire",49058,,,,ok
PDL0049113,MOINE BASKET CLUB,rue DE LA MAIRIE,Mairie déléguée,SAINT-GERMAIN-SUR-MOINE,49230,Club ,-1.12755,47.116332,0.6603130205278592,,Rue de la Mairie (St Germain-sur-Moine) 49230 Sèvremoine,street,49301_1916,,Rue de la Mairie (St Germain-sur-Moine),Rue de la Mairie (St Germain-sur-Moine),49230,Sèvremoine,"49, Maine-et-Loire, Pays de la Loire",49301,49285,St Germain-sur-Moine,,ok
PDL0049114,FUILETAIS REMYGEOIS BASKET,ST REMY EN MAUGES,CHEMIN DE ST JACQUES,SAINT-REMY-EN-MAUGES,49110,Club ,-1.078389,47.273963,0.6336580419580419,,Chemin Saint-Jacques 49110 Montrevault-sur-Èvre,street,49218_wk6l2o,,Chemin Saint-Jacques,Chemin Saint-Jacques,49110,Montrevault-sur-Èvre,"49, Maine-et-Loire, Pays de la Loire",49218,49316,St Rémy-en-Mauges,,ok
PDL0049115,ELAN LIGERIEN BASKET,31 Rue de la Mairie,,POSSONNIERE,49170,Club ,-0.688846,47.374444,0.8424454545454545,0.6613119834710743,31 Rue de la Mairie 49170 La Possonnière,housenumber,49247_0091_00031,31,31 Rue de la Mairie,Rue de la Mairie,49170,La Possonnière,"49, Maine-et-Loire, Pays de la Loire",49247,,,,ok
PDL0049116,SAUMUR LOIRE BASKET 49,GUY DOUSSARD- BAGNEUX,SALLE DES HAUTS SENTIERS,SAUMUR,49400,Club ,-0.091875,47.245359,0.4303700596125186,,Rue Guy Doussard 49400 Saumur,street,49328_f0v4rv,,Rue Guy Doussard,Rue Guy Doussard,49400,Saumur,"49, Maine-et-Loire, Pays de la Loire",49328,49016,Bagneux,,ok
PDL0049117,VALLEE BASKET CLUB,27 rue des Seillandières,,BEAUFORT-EN-VALLEE,49250,Club ,-0.209532,47.447142,0.9252197031539888,,27 Rue des Seillandieres 49250 Beaufort-en-Anjou,housenumber,49021_1245_00027,27,27 Rue des Seillandieres,Rue des Seillandieres,49250,Beaufort-en-Anjou,"49, Maine-et-Loire, Pays de la Loire",49021,49021,Beaufort-en-Vallée,,ok
PDL0049119,SEGRE,Route de Pouancé,Complexe sportif Bernard Madiot,SEGRE-EN-ANJOU-BLEU,49500,Club ,-0.888748,47.688315,0.5381750368550369,0.37881374207188157,Route de Pouancé 49500 Segré-en-Anjou Bleu,street,49331_1204,,Route de Pouancé,Route de Pouancé,49500,Segré-en-Anjou Bleu,"49, Maine-et-Loire, Pays de la Loire",49331,49331,Segré,,ok
PDL0049120,SEGUINIERE (LA) ST LOUIS BASKET,15 AVENUE CHARLES DE GAULLE,,SEGUINIERE,49280,Club ,-0.935063,47.062155,0.8596145647969051,,15 Avenue charles de gaulle 49280 La Séguinière,housenumber,49332_0089_00015,15,15 Avenue charles de gaulle,Avenue charles de gaulle,49280,La Séguinière,"49, Maine-et-Loire, Pays de la Loire",49332,,,,ok
PDL0049121,SEICHES BASKET CLUB SBC,MAIRIE,,SEICHES-SUR-LE-LOIR,49140,Club ,-0.364888,47.594963,0.7349732258064515,0.6258730376940133,Seiches-sur-le-Loir,municipality,49333,,Seiches-sur-le-Loir,,49140,Seiches-sur-le-Loir,"49, Maine-et-Loire, Pays de la Loire",49333,,,,ok
PDL0049123,LOIR BASKET CLUB,COMPLEXE DES VIGNES D'OULES,,VILLEVEQUE,49140,Club ,-0.421272,47.557795,0.6476581818181818,0.43614862838915464,Chemin des Vignes d'Oule 49140 Rives-du-Loir-en-Anjou,street,49377_0198,,Chemin des Vignes d'Oule,Chemin des Vignes d'Oule,49140,Rives-du-Loir-en-Anjou,"49, Maine-et-Loire, Pays de la Loire",49377,49377,Villevêque,,ok
PDL0049124,TESSOUALLE,LA TESSOUALLE,,TESSOUALLE,49280,Club ,-0.839521,47.007634,0.5959124137931034,0.5449439160839161,La Tessoualle,municipality,49343,,La Tessoualle,,49280,La Tessoualle,"49, Maine-et-Loire, Pays de la Loire",49343,,,,ok
PDL0049126,GARENNES LOIRE BASKET CLUB 49 - GLBC 49.,"15, Grand'Rue","Mairie, ",Garennes sur Loire (Les),49610,Club ,-0.475866,47.407794,0.7946645454545453,0.6723085714285715,15 Grand Rue 49610 Les Garennes sur Loire,housenumber,49167_0036_00015,15,15 Grand Rue,Grand Rue,49610,Les Garennes sur Loire,"49, Maine-et-Loire, Pays de la Loire",49167,49167,Juigné-sur-Loire,,ok
PDL0049127,SEVRE BASKET A.S.,ESPACE ST HUBERT,SALLE DES SPORTS,TORFOU,49660,Club ,,,,,,,,,,,,,,,,,,not-found
PDL0049128,TOURMELAY BASKET,MELAY,,MELAY,49120,Club ,-0.72708,47.174439,0.5337702597402596,0.521639567099567,L'Étang de Melay 49120 Chemillé-en-Anjou,street,49092_C490,,L'Étang de Melay,L'Étang de Melay,49120,Chemillé-en-Anjou,"49, Maine-et-Loire, Pays de la Loire",49092,49199,Melay,,ok
PDL0049130,TRELAZE BASKET,100 BD DE LA REPUBLIQUE ,COMPLEXE SPORTIF LA GODUCIERE,TRELAZE,49800,Club ,-0.499261,47.447879,0.4695007222914071,0.4647205156037992,100 Avenue de la République 49800 Trélazé,housenumber,49353_0960_00100,100,100 Avenue de la République,Avenue de la République,49800,Trélazé,"49, Maine-et-Loire, Pays de la Loire",49353,,,,ok
PDL0049131,AVENIR TREMENTINES BASKET,SALLE AUDIGANE,RUE DE LA QUINTAINE,TREMENTINES,49340,Club ,-0.784975,47.120881,0.6570590209790209,,Rue de la Quintaine 49340 Trémentines,street,49355_0340,,Rue de la Quintaine,Rue de la Quintaine,49340,Trémentines,"49, Maine-et-Loire, Pays de la Loire",49355,,,,ok
PDL0049133,CTC TERRE DE LAYON​,,,FAVERAYE-MACHELLES,49380,Coopération Territoriale Club ,-0.488044,47.220116,0.6257671717171717,0.5910328708133972,Route du Lys 49380 Bellevigne-en-Layon,street,49345_vk4hre,,Route du Lys,Route du Lys,49380,Bellevigne-en-Layon,"49, Maine-et-Loire, Pays de la Loire",49345,49133,Faveraye-Mâchelles,,ok
PDL0049134,VERN D'ANJOU - B. CLUB VERNOIS,ALLEE DES SPORTS,VERN D'ANJOU,VERN-D'ANJOU,49220,Club ,-0.830126,47.60204,0.6656763636363636,,Allée des Sports 49220 Erdre-en-Anjou,street,49367_0063,,Allée des Sports,Allée des Sports,49220,Erdre-en-Anjou,"49, Maine-et-Loire, Pays de la Loire",49367,49367,Vern-d'Anjou,,ok
PDL0049135,CTC ANDREA MACAIROIS BASKET​,,,SAINT-MACAIRE-EN-MAUGES,49450,Coopération Territoriale Club ,-0.988409,47.125898,0.679118935698448,0.6787940404040403,Rue Saint-Louis 49450 Sèvremoine,street,49301_1020,,Rue Saint-Louis,Rue Saint-Louis,49450,Sèvremoine,"49, Maine-et-Loire, Pays de la Loire",49301,49301,St Macaire-en-Mauges,,ok
PDL0049136,VERNOIL,VERNOIL LE FOURRIER,,VERNOIL,49390,Club ,0.102518,47.394273,0.709650909090909,0.6370442424242424,Vernoil-le-Fourrier,municipality,49369,,Vernoil-le-Fourrier,,49390,Vernoil-le-Fourrier,"49, Maine-et-Loire, Pays de la Loire",49369,,,,ok
PDL0049138,YZERNAY,MAIRIE,GRANDE RUE,YZERNAY,49360,Club ,-0.698409,47.019563,0.6077151105651105,0.5354030598669623,Rue de la Frairie 49360 Yzernay,street,49381_0258,,Rue de la Frairie,Rue de la Frairie,49360,Yzernay,"49, Maine-et-Loire, Pays de la Loire",49381,,,,ok
PDL0049139,CTC LOIRE ET PLAINE BASKET,,,MAUGES SUR LOIRE,49620,Coopération Territoriale Club ,-0.934451,47.346899,0.7215345454545453,0.7080108463949842,Mauges-sur-Loire,municipality,49244,,Mauges-sur-Loire,,49110,Mauges-sur-Loire,"49, Maine-et-Loire, Pays de la Loire",49244,,,,ok
PDL0049142,CTC DU JEU,15 rue de l'Avenir,,NEUVY-EN-MAUGES,49120,Coopération Territoriale Club ,-0.824651,47.269057,0.760611094619666,,15 Rue de l'Avenir de Neuvy 49120 Chemillé-en-Anjou,housenumber,49092_04jqdl_00015,15,15 Rue de l'Avenir de Neuvy,Rue de l'Avenir de Neuvy,49120,Chemillé-en-Anjou,"49, Maine-et-Loire, Pays de la Loire",49092,49225,Neuvy-en-Mauges,,ok
PDL0049143,SAINTE GEMMES SUR LOIRE,RUE DES GRANDS JARDINS,,SAINTE-GEMMES-SUR-LOIRE,49130,Club ,-0.554419,47.42675,0.9222167832167832,,Rue des Grands Jardins 49130 Sainte-Gemmes-sur-Loire,street,49278_0077,,Rue des Grands Jardins,Rue des Grands Jardins,49130,Sainte-Gemmes-sur-Loire,"49, Maine-et-Loire, Pays de la Loire",49278,,,,ok
PDL0049146,BASKET CLUB SAINT BARTHELEMY.,45 RUE DES HERAUDIERES ,,SAINT-BARTHELEMY-D'ANJOU,49124,Club ,-0.477631,47.460792,0.927558319039451,,45 Rue des Héraudières 49124 Saint-Barthélemy-d'Anjou,housenumber,49267_0204_00045,45,45 Rue des Héraudières,Rue des Héraudières,49124,Saint-Barthélemy-d'Anjou,"49, Maine-et-Loire, Pays de la Loire",49267,,,,ok
PDL0049147,SAINT AUGUSTIN DES BOIS,mairie,MAIRIE ST AUGUSTIN DES BOIS,SAINT-GEORGES-SUR-LOIRE,49170,Club ,-0.760797,47.410167,0.6287646903820816,0.6032157362355953,Rue de Saint-augustin 49170 Saint-Georges-sur-Loire,street,49283_0081,,Rue de Saint-augustin,Rue de Saint-augustin,49170,Saint-Georges-sur-Loire,"49, Maine-et-Loire, Pays de la Loire",49283,,,,ok
PDL0049149,ROSIERS,MAIRIE ROSIERS SUR LOIRE,,CHENEHUTTE-TREVES-CUNAULT,49350,Club ,-0.208278,47.329211,0.5497907327001357,0.5471992207792208,Rue de la Sablière 49350 Gennes-Val-de-Loire,street,49261_hp3ss3,,Rue de la Sablière,Rue de la Sablière,49350,Gennes-Val-de-Loire,"49, Maine-et-Loire, Pays de la Loire",49261,49094,Chênehutte-Trèves-Cunault,,ok
PDL0049152,BEAUCOUZE,Avenue de la Grange aux Belles,,BEAUCOUZE,49070,Club ,-0.626361,47.47598,0.9127543083003953,,Avenue de la Grange aux Belles 49070 Beaucouzé,street,49020_0055,,Avenue de la Grange aux Belles,Avenue de la Grange aux Belles,49070,Beaucouzé,"49, Maine-et-Loire, Pays de la Loire",49020,,,,ok
PDL0049156,TIERCE,MAIRIE,,TIERCE,49125,Club ,-0.467769,47.614824,0.5916663636363636,,Place de la Mairie 49125 Tiercé,street,49347_0120,,Place de la Mairie,Place de la Mairie,49125,Tiercé,"49, Maine-et-Loire, Pays de la Loire",49347,,,,ok
PDL0049164,SAINT MACAIRE EN MAUGES,ST MACAIRE EN MAUGES,18 ALLEE DES ECUREUILS,SEVREMOINE,49450,Club ,-0.999073,47.118021,0.7690539393939393,,18 Allée des Écureuils 49450 Sèvremoine,housenumber,49301_0371_00018,18,18 Allée des Écureuils,Allée des Écureuils,49450,Sèvremoine,"49, Maine-et-Loire, Pays de la Loire",49301,49301,St Macaire-en-Mauges,,ok
PDL0049165,BOUCHEMAINE,25 RUE DU PETIT VIVIER,,BOUCHEMAINE,49080,Club ,-0.6098,47.44942,0.9152599999999999,0.5597049011857707,25 Rue du Petit Vivier 49080 Bouchemaine,housenumber,49035_0105_00025,25,25 Rue du Petit Vivier,Rue du Petit Vivier,49080,Bouchemaine,"49, Maine-et-Loire, Pays de la Loire",49035,,,,ok
PDL0049166,MONTREUIL JUIGNE,MAIRIE DE MONTREUIL,,MONTREUIL-JUIGNE,49460,Club ,-0.617093,47.528241,0.49348947611710314,0.471434486803519,Rue Pierre et Marie Curie 49460 Montreuil-Juigné,street,49214_0131,,Rue Pierre et Marie Curie,Rue Pierre et Marie Curie,49460,Montreuil-Juigné,"49, Maine-et-Loire, Pays de la Loire",49214,,,,ok
PDL0049170,SAINT ANDRE DE LA MARCHE BASKET,PLACE DE L AIRE DU FOUR,,SAINT-ANDRE-DE-LA-MARCHE,49450,Club ,-0.99457,47.101062,0.8458629752066114,,Place de l'Aire du Four 49450 Sèvremoine,street,49301_1735,,Place de l'Aire du Four,Place de l'Aire du Four,49450,Sèvremoine,"49, Maine-et-Loire, Pays de la Loire",49301,49264,St André-de-la-Marche,,ok
PDL0049174,LONGUENEE BASKET CLUB,MAIRIE LA MEIGNANNE,,MEIGNANNE,49770,Club ,-0.6696,47.51929,0.6133441991341991,,Rue de la Mairie 49770 Longuenée-en-Anjou,street,49200_0197,,Rue de la Mairie,Rue de la Mairie,49770,Longuenée-en-Anjou,"49, Maine-et-Loire, Pays de la Loire",49200,49196,La Meignanne,,ok
PDL0049180,LAMBOISIERES-MARTIN BASKET,9 RUE DU LAVOIR,,SAINT-LEGER-DES-BOIS,49170,Club ,-0.709558,47.459157,0.9133372294372293,,9 Rue du Lavoir 49170 Saint-Léger-de-Linières,housenumber,49298_0047_00009,9,9 Rue du Lavoir,Rue du Lavoir,49170,Saint-Léger-de-Linières,"49, Maine-et-Loire, Pays de la Loire",49298,49298,Saint-Léger-des-Bois,,ok
PDL0049183,SAINT SYLVAIN D'ANJOU BASKET,MAIRIE,,VERRIERES-EN-ANJOU,49480,Club ,-0.471636,47.520058,0.6578769133192388,0.5184188811188811,Place de la Mairie 49480 Verrières-en-Anjou,street,49323_0120,,Place de la Mairie,Place de la Mairie,49480,Verrières-en-Anjou,"49, Maine-et-Loire, Pays de la Loire",49323,49323,Saint-Sylvain-d'Anjou,,ok
PDL0049186,SAINT LEGER SOUS CHOLET,MAIRIE,RUE DES MAUGES,SAINT-LEGER-SOUS-CHOLET,49280,Club ,-0.913955,47.096466,0.7999094652406415,0.7015633884297521,Rue des Mauges 49280 Saint-Léger-sous-Cholet,street,49299_0019,,Rue des Mauges,Rue des Mauges,49280,Saint-Léger-sous-Cholet,"49, Maine-et-Loire, Pays de la Loire",49299,,,,ok
PDL0049194,MENITRE,LA MENITRE,MAIRIE,MENITRE,49250,Club ,-0.269673,47.401378,0.4975355555555555,,Esplanade de la Mairie 49250 La Ménitré,street,49201_efd3ko,,Esplanade de la Mairie,Esplanade de la Mairie,49250,La Ménitré,"49, Maine-et-Loire, Pays de la Loire",49201,,,,ok
PDL0049195,ECOUFLANT,MAIRIE,,ECOUFLANT,49000,Club ,-0.529575,47.528551,0.5732429946524065,0.5503559358288769,Place de la Mairie 49000 Écouflant,street,49129_0086,,Place de la Mairie,Place de la Mairie,49000,Écouflant,"49, Maine-et-Loire, Pays de la Loire",49129,,,,ok
PDL0049197,ANGERS - UNION FEMININE  BASKET 49,330 rue SAINT LEONARD,,ANGERS,49000,Club ,-0.522952,47.459721,0.9297604278074866,,330 Rue Saint-Léonard 49000 Angers,housenumber,49007_7270_00330,330,330 Rue Saint-Léonard,Rue Saint-Léonard,49000,Angers,"49, Maine-et-Loire, Pays de la Loire",49007,,,,ok
PDL0049198,FENEU - REBOND FANOUIN,Place de la Mairie,Mairie de Feneu,FENEU,49460,Club ,-0.594283,47.570627,0.592225138339921,,Place de la Mairie 49460 Feneu,street,49135_0070,,Place de la Mairie,Place de la Mairie,49460,Feneu,"49, Maine-et-Loire, Pays de la Loire",49135,,,,ok
